{
  "22": {
    "10": {
      "ade": {
        "const_vel": 0.11582125422115241,
        "const_acc": 0.22477029570845727,
        "ctrv": 0.08530327133278816
      },
      "fde": {
        "const_vel": 0.1561068833088998,
        "const_acc": 0.5042202732523017,
        "ctrv": 0.07672643529774413
      }
    },
    "20": {
      "ade": {
        "const_vel": 0.1794912735758652,
        "const_acc": 0.7325743857829842,
        "ctrv": 0.08432979070256463
      },
      "fde": {
        "const_vel": 0.3132215811681307,
        "const_acc": 1.9901449400523596,
        "ctrv": 0.07668661159165555
      }
    },
    "30": {
      "ade": {
        "const_vel": 0.2509081057319549,
        "const_acc": 1.5641721221321965,
        "ctrv": 0.08765082883192503
      },
      "fde": {
        "const_vel": 0.4470351012409694,
        "const_acc": 4.383815616587578,
        "ctrv": 0.08077550399089387
      }
    }
  },
  "15": {
    "10": {
      "ade": {
        "const_vel": 0.9058404229814132,
        "const_acc": 1.8684072150532713,
        "ctrv": 0.896699282917359
      },
      "fde": {
        "const_vel": 1.173527683901847,
        "const_acc": 3.8840713614197675,
        "ctrv": 1.1336236943207865
      }
    },
    "20": {
      "ade": {
        "const_vel": 1.386251696949388,
        "const_acc": 5.332780079384282,
        "ctrv": 1.249231006617198
      },
      "fde": {
        "const_vel": 2.681093020417651,
        "const_acc": 13.782867133483444,
        "ctrv": 2.130843795348782
      }
    },
    "30": {
      "ade": {
        "const_vel": 2.443324083276117,
        "const_acc": 10.863668566057948,
        "ctrv": 1.9799100389039976
      },
      "fde": {
        "const_vel": 6.483408316116173,
        "const_acc": 29.285674739194754,
        "ctrv": 4.848384535042563
      }
    }
  },
  "4": {
    "10": {
      "ade": {
        "const_vel": 0.7963252016514307,
        "const_acc": 0.6604884881524743,
        "ctrv": 0.7946998656379618
      },
      "fde": {
        "const_vel": 1.4183219924177592,
        "const_acc": 1.0323725861450606,
        "ctrv": 1.3992978012442259
      }
    },
    "20": {
      "ade": {
        "const_vel": 1.762325254389869,
        "const_acc": 1.1977989617346698,
        "ctrv": 1.6964421590653842
      },
      "fde": {
        "const_vel": 4.083949388092371,
        "const_acc": 2.502232273201947,
        "ctrv": 3.8129768703591354
      }
    },
    "30": {
      "ade": {
        "const_vel": 3.3188155503704584,
        "const_acc": 2.133527416607776,
        "ctrv": 3.0778989153465166
      },
      "fde": {
        "const_vel": 8.642979551357005,
        "const_acc": 5.513727569569046,
        "ctrv": 7.718743637261876
      }
    }
  },
  "5": {
    "10": {
      "ade": {
        "const_vel": 1.059608491044194,
        "const_acc": 0.6944946864205435,
        "ctrv": 1.0593929595120848
      },
      "fde": {
        "const_vel": 1.4689222511273736,
        "const_acc": 0.46676070979013506,
        "ctrv": 1.468536332243138
      }
    },
    "20": {
      "ade": {
        "const_vel": 1.6865993144201545,
        "const_acc": 0.8453520671474465,
        "ctrv": 1.686327000413084
      },
      "fde": {
        "const_vel": 3.1574893922251945,
        "const_acc": 2.018570242435666,
        "ctrv": 3.1572831913087454
      }
    },
    "30": {
      "ade": {
        "const_vel": 2.641067378935809,
        "const_acc": 1.9179061600341671,
        "ctrv": 2.6410379364779453
      },
      "fde": {
        "const_vel": 5.8295717083333916,
        "const_acc": 6.013540357878066,
        "ctrv": 5.8307529129242175
      }
    }
  },
  "9": {
    "10": {
      "ade": {
        "const_vel": 1.1614258508438975,
        "const_acc": 1.469048809506427,
        "ctrv": 1.1571316673302432
      },
      "fde": {
        "const_vel": 1.233967232351123,
        "const_acc": 2.1050331500245263,
        "ctrv": 1.2192980499956076
      }
    },
    "20": {
      "ade": {
        "const_vel": 1.1075061509498199,
        "const_acc": 2.3718386646140446,
        "ctrv": 1.0232040128822442
      },
      "fde": {
        "const_vel": 0.8662545366292291,
        "const_acc": 4.324652249920777,
        "ctrv": 0.39268537735900383
      }
    },
    "30": {
      "ade": {
        "const_vel": 1.260865660086541,
        "const_acc": 3.5121708678157995,
        "ctrv": 1.0058696807549539
      },
      "fde": {
        "const_vel": 2.660904447923705,
        "const_acc": 7.056557722156364,
        "ctrv": 2.2286933482028197
      }
    }
  },
  "14": {
    "10": {
      "ade": {
        "const_vel": 0.6161376953384331,
        "const_acc": 1.109479862150304,
        "ctrv": 0.6041117660714906
      },
      "fde": {
        "const_vel": 0.8023389320266022,
        "const_acc": 2.1977020449092914,
        "ctrv": 0.7632661019484459
      }
    },
    "20": {
      "ade": {
        "const_vel": 0.8298400110086384,
        "const_acc": 2.932385198656603,
        "ctrv": 0.7520686492388475
      },
      "fde": {
        "const_vel": 1.3172215857230356,
        "const_acc": 7.4231957515278175,
        "ctrv": 1.0626489100169791
      }
    },
    "30": {
      "ade": {
        "const_vel": 1.1264855713411055,
        "const_acc": 5.952493573764736,
        "ctrv": 0.9320125550487649
      },
      "fde": {
        "const_vel": 2.0890831570399326,
        "const_acc": 16.290356940127243,
        "ctrv": 1.5190269802898868
      }
    }
  },
  "6": {
    "10": {
      "ade": {
        "const_vel": 0.1256422987314235,
        "const_acc": 0.7814825389122262,
        "ctrv": 0.14270989916738283
      },
      "fde": {
        "const_vel": 0.25440303180572305,
        "const_acc": 2.255029990744562,
        "ctrv": 0.27670192329171206
      }
    },
    "20": {
      "ade": {
        "const_vel": 0.3821963715262725,
        "const_acc": 3.406014067800929,
        "ctrv": 0.4032958207967533
      },
      "fde": {
        "const_vel": 1.0174710735455144,
        "const_acc": 9.928814820389348,
        "ctrv": 1.0421609947374313
      }
    },
    "30": {
      "ade": {
        "const_vel": 0.7457423796101121,
        "const_acc": 7.770526325372079,
        "ctrv": 0.7669641474943879
      },
      "fde": {
        "const_vel": 1.844129128390989,
        "const_acc": 22.612267028556474,
        "ctrv": 1.8606000639180236
      }
    }
  },
  "7": {
    "10": {
      "ade": {
        "const_vel": 0.311737643400283,
        "const_acc": 0.2989214319912928,
        "ctrv": 0.311876058148442
      },
      "fde": {
        "const_vel": 0.40973292712147924,
        "const_acc": 0.3744662828002044,
        "ctrv": 0.4100480845286375
      }
    },
    "20": {
      "ade": {
        "const_vel": 0.408570809905935,
        "const_acc": 0.3613327639099385,
        "ctrv": 0.4085070468362627
      },
      "fde": {
        "const_vel": 0.5573027604475452,
        "const_acc": 0.43836108685820213,
        "ctrv": 0.5553098632425748
      }
    },
    "30": {
      "ade": {
        "const_vel": 0.47366741344580265,
        "const_acc": 0.3977488082101503,
        "ctrv": 0.46966609224954503
      },
      "fde": {
        "const_vel": 0.6262670667115922,
        "const_acc": 0.5070217174286368,
        "ctrv": 0.5997249510522353
      }
    }
  }
}